{"cameraMode":{"drawMode":0,"name":"Shaded","section":"Shading Mode"},"sceneLighting":true,"audioPlay":false,"sceneViewState":{"m_AlwaysRefresh":false,"showFog":true,"showSkybox":true,"showFlares":true,"showImageEffects":true,"showParticleSystems":true,"showVisualEffectGraphs":true,"m_FxEnabled":true},"in2DMode":false,"pivot":{"x":14.702045440673829,"y":4.158408164978027,"z":-12.000944137573243},"rotation":{"x":-0.02479320764541626,"y":-0.941022515296936,"z":0.0707092210650444,"w":-0.32994726300239565},"size":0.08437599986791611,"orthographic":false}